address_raw,rooms_raw,area_raw,price_raw,title_raw,description_raw
"Weidmannstrasse 13, 8046 Zürich",6.5 Zimmer,150m²,CHF 6’270.–,Luxuriöse 6.5-Zimmerwohnung mit großzügigem Garten und moderner Ausstattung in Zürich-Affoltern,"Moderne und wunderschöne 6.5-Zimmerwohnung mit grosszügigem Garten ab dem 01.06.2025 oder nach Vereinbarung zu vermieten. Der Bahnhof Zürich-Affoltern ist in rund 5 Gehminuten zu erreichen, die nächste Bushaltestelle ist nur wenige Schritte entfernt. Im Quartier gibt es etliche Einkaufsmöglichkeiten, und der Kindergarten sowie die Primarschule sind in unmittelbarer Nähe.Die Wohnung ist in einem gehobenen Eigentumsstandard gebaut und sehr gepflegt.Das Raumprogramm dieser schönen Wohnung: • alle Bodenbeläge sind in amerikanischem Nussbaumparkett ausgeführt • grosszügiger und sehr heller Wohn- und Essbereich • Küche mit grosser Kochinsel und viel Stauraum • moderne Küche inklusive Backofen/Mikrowelle, integrierter Kaffeemaschine, Steamer, grossem Kühlschrank inkl. Tiefkühler. Alle Geräte sind sehr hochwertig und von der Marke V-Zug oder Bosch. • mehrere Einbauschränke bieten viel Stauraum • drei grosszügige Schlafzimmer mit grossen Fenstern • alle Fenster sind mit elektrisch bedienten Lamellenstoren ausgestattet • ein Badezimmer mit Badewanne, Lavabo und WC • eine Dusche mit grossem Lavabo und WC • eigener Waschturm ist in der Nasszelle vorhanden • grosszügige Loggia von ca. 26 m² • grosszügiger Garten inkl. Sitzplatz von ca. 100 m². Der Garten ist eingezäunt und bietet Privatsphäre • ein grosser Kellerabteil ist inklusive • grosser Trocknungsraum und Veloraum vorhanden Zur Wohnung können bis zu zwei Parkplätze in der Tiefgarage für je CHF 160.- gemietet werden. Mindestens ein Parkplatz muss übernommen werden.Die Wohnung erfüllt alle Annehmlichkeiten der Grossstadt, dennoch profitieren Sie von einer ruhigen, ländlichen Umgebung. Die Naherholungszone Katzensee lädt zu idyllischen Spaziergängen, Sport oder Naturfreude ein.BITTE: Keine Makleranfragen / Vermittler"
"Segnesstrasse 12, 8048 Zürich",6.5 Zimmer,160m²,CHF 6’470.–,"Exklusive Erstvermietung - Projekt ""TILIA","Im Projekt «TILIA» finden Sie 72 stilvolle 1.5 bis 6.5-Zimmer-Wohnungen und Gewerbeflächen im Erdgeschoss.Das von den renommierten Basler Architekten Herzog &amp; de Meuron entworfene Projekt steht für hochwertige Verdichtung mit vielfältigen Grundrisstypologien in hoher Qualität. Die 6.5-Zimmer-Wohnungen zeichnen sich durch folgende Vorzüge aus: • Hochwertiger Ausbau im Eigentumsstandard • Moderne Küche mit Induktions-Kochfeld, Backofen, Kühl-Gefrierkombination und Geschirrspüler • Wohn-/Schlafzimmer mit Eichenparkett • 2 Nasszellen • eigener Waschturm in der Wohnung • Fussbodenheizung • grosszügige Aussenfläche Altstetten ist ein aufstrebender Stadtteil, der das Beste aus städtischen Leben und Naherholungsgebiet verbindet. Hier finden Sie Lebensqualität: Einkaufsmöglichkeiten, Restaurants, Sporteinrichtungen, Hallen- und Freibad, Schulen und Weiteres in Gehdistanz. Haben wir Ihr Interesse geweckt?Gerne stehen wir Ihnen bei Fragen zur Verfügung und würden uns freuen Sie als neuen Mieter begrüssen zu dürfen."
"Segnesstrasse 8, 8048 Zürich",5.5 Zimmer,140m²,CHF 5’170.–,"Exklusive Erstvermietung - Projekt ""TILIA""","Im Projekt «TILIA» finden Sie 72 stilvolle 1.5 bis 4.5-Zimmer-Wohnungen und Gewerbeflächen im Erdgeschoss.Das von den renommierten Basler Architekten Herzog &amp; de Meuron entworfene Projekt steht für hochwertige Verdichtung mit vielfältigen Grundrisstypologien in hoher Qualität. Die 5.5-Zimmer-Wohnungen zeichnen sich durch folgende Vorzüge aus: • Hochwertiger Ausbau im Eigentumsstandard • Moderne Küche mit Induktions-Kochfeld, Backofen, Kühl-Gefrierkombination und Geschirrspüler • Wohn- und Schlafzimmer mit Eichenparkett • Dusche/WC • eigener Waschturm in der Wohnung • Fussbodenheizung • grosszügige Aussenfläche (Sitzplatz) Altstetten ist ein aufstrebender Stadtteil, der das Beste aus städtischen Leben und Naherholungsgebiet verbindet. Hier finden Sie Lebensqualität: Einkaufsmöglichkeiten, Restaurants, Sporteinrichtungen, Hallen- und Freibad, Schulen und Weiteres in Gehdistanz. Haben wir Ihr Interesse geweckt?Gerne stehen wir Ihnen bei Fragen zur Verfügung und würden uns freuen Sie als neuen Mieter begrüssen zu dürfen."
"Anna-Heer-Strasse 12, 8057 Zürich",5.5 Zimmer,128m²,CHF 4’940.–,5.5 Zimmerwohnung in Zürich,"An der Anna-Heer-Strasse in Zürich entstehen moderne Mietwohnungen im Erstbezug. Der Bau ist in vollem Gange und der Bezug in den Häusern A und B ist auf Juni 2025 und in Haus C auf Juli 2025 vorgesehen.Folgende Merkmale zeichnen die Wohnungen und die Wohnlage aus: • 1.5 bis 4.5-Zimmer-Mietwohnungen • Hochwertige Ausstattung und durchdachte Grundrisse • Harmonisches Farb- und Materialkonzept • Waschmaschine / Tumbler in jeder Wohnung (ausser Wohnung A-005) • Umweltfreundliche Bauweise nach energieeffizienten Standards • E-Mobility &amp; Carsharing-Konzept • Bezug ab Juni &amp; Juli 2025 Die Liegenschaft befindet sich in einem lebendigen Quartier im Kreis 6 in Zürich: • Nahe an Erholungsgebieten und der Zürcher Innenstadt • Exzellente Anbindung an den öffentlichen Verkehr und das Strassennetz • Gute Erreichbarkeit von Ausbildungsstätten • Vielfältiges Kultur- und Freizeitangebot Alle Details finden Sie auf der Website www.anna-heer.ch. Dort können Sie sich direkt auf die noch verfügbaren Wohnungen bewerben.Haben Sie Fragen zum Projekt, dann stehen wir Ihnen gerne zur Verfügung."
"Anna-Heer-Strasse 16, 8057 Zürich",5.5 Zimmer,127m²,CHF 4’840.–,5.5 Zimmerwohnung in Zürich,"An der Anna-Heer-Strasse in Zürich entstehen moderne Mietwohnungen im Erstbezug. Der Bau ist in vollem Gange und der Bezug in den Häusern A und B ist auf Juni 2025 und in Haus C auf Juli 2025 vorgesehen.Folgende Merkmale zeichnen die Wohnungen und die Wohnlage aus: • 1.5 bis 4.5-Zimmer-Mietwohnungen • Hochwertige Ausstattung und durchdachte Grundrisse • Harmonisches Farb- und Materialkonzept • Waschmaschine / Tumbler in jeder Wohnung (ausser Wohnung A-005) • Umweltfreundliche Bauweise nach energieeffizienten Standards • E-Mobility &amp; Carsharing-Konzept • Bezug ab Juni &amp; Juli 2025 Die Liegenschaft befindet sich in einem lebendigen Quartier im Kreis 6 in Zürich: • Nahe an Erholungsgebieten und der Zürcher Innenstadt • Exzellente Anbindung an den öffentlichen Verkehr und das Strassennetz • Gute Erreichbarkeit von Ausbildungsstätten • Vielfältiges Kultur- und Freizeitangebot Alle Details finden Sie auf der Website www.anna-heer.ch. Dort können Sie sich direkt auf die noch verfügbaren Wohnungen bewerben.Haben Sie Fragen zum Projekt, dann stehen wir Ihnen gerne zur Verfügung."
"Anna-Heer-Strasse 14, 8057 Zürich",4.5 Zimmer,107m²,CHF 4’450.–,4.5 Zimmerwohnung in Zürich,"An der Anna-Heer-Strasse in Zürich entstehen moderne Mietwohnungen im Erstbezug. Der Bau ist in vollem Gange und der Bezug in den Häusern A und B ist auf Juni 4045 und in Haus C auf Juli 4045 vorgesehen.Folgende Merkmale zeichnen die Wohnungen und die Wohnlage aus: • 1.5 bis 4.5-Zimmer-Mietwohnungen • Hochwertige Ausstattung und durchdachte Grundrisse • Harmonisches Farb- und Materialkonzept • Waschmaschine / Tumbler in jeder Wohnung (ausser Wohnung A-005) • Umweltfreundliche Bauweise nach energieeffizienten Standards • E-Mobility &amp; Carsharing-Konzept • Bezug ab Juni &amp; Juli 4045 Die Liegenschaft befindet sich in einem lebendigen Quartier im Kreis 6 in Zürich: • Nahe an Erholungsgebieten und der Zürcher Innenstadt • Exzellente Anbindung an den öffentlichen Verkehr und das Strassennetz • Gute Erreichbarkeit von Ausbildungsstätten • Vielfältiges Kultur- und Freizeitangebot Alle Details finden Sie auf der Website www.anna-heer.ch. Dort können Sie sich direkt auf die noch verfügbaren Wohnungen bewerben.Haben Sie Fragen zum Projekt, dann stehen wir Ihnen gerne zur Verfügung."
"Anna-Heer-Strasse 12, 8057 Zürich",5.5 Zimmer,127m²,CHF 5’120.–,5.5 Zimmerwohnung in Zürich,"An der Anna-Heer-Strasse in Zürich entstehen moderne Mietwohnungen im Erstbezug. Der Bau ist in vollem Gange und der Bezug in den Häusern A und B ist auf Juni 2025 und in Haus C auf Juli 2025 vorgesehen.Folgende Merkmale zeichnen die Wohnungen und die Wohnlage aus: • 1.5 bis 4.5-Zimmer-Mietwohnungen • Hochwertige Ausstattung und durchdachte Grundrisse • Harmonisches Farb- und Materialkonzept • Waschmaschine / Tumbler in jeder Wohnung (ausser Wohnung A-005) • Umweltfreundliche Bauweise nach energieeffizienten Standards • E-Mobility &amp; Carsharing-Konzept • Bezug ab Juni &amp; Juli 2025 Die Liegenschaft befindet sich in einem lebendigen Quartier im Kreis 6 in Zürich: • Nahe an Erholungsgebieten und der Zürcher Innenstadt • Exzellente Anbindung an den öffentlichen Verkehr und das Strassennetz • Gute Erreichbarkeit von Ausbildungsstätten • Vielfältiges Kultur- und Freizeitangebot Alle Details finden Sie auf der Website www.anna-heer.ch. Dort können Sie sich direkt auf die noch verfügbaren Wohnungen bewerben.Haben Sie Fragen zum Projekt, dann stehen wir Ihnen gerne zur Verfügung."
"Anna-Heer-Strasse 12, 8057 Zürich",4.5 Zimmer,86m²,CHF 3’570.–,4.5 Zimmerwohnung in Zürich,"An der Anna-Heer-Strasse in Zürich entstehen moderne Mietwohnungen im Erstbezug. Der Bau ist in vollem Gange und der Bezug in den Häusern A und B ist auf Juni 4045 und in Haus C auf Juli 4045 vorgesehen.Folgende Merkmale zeichnen die Wohnungen und die Wohnlage aus: • 1.5 bis 4.5-Zimmer-Mietwohnungen • Hochwertige Ausstattung und durchdachte Grundrisse • Harmonisches Farb- und Materialkonzept • Waschmaschine / Tumbler in jeder Wohnung (ausser Wohnung A-005) • Umweltfreundliche Bauweise nach energieeffizienten Standards • E-Mobility &amp; Carsharing-Konzept • Bezug ab Juni &amp; Juli 4045 Die Liegenschaft befindet sich in einem lebendigen Quartier im Kreis 6 in Zürich: • Nahe an Erholungsgebieten und der Zürcher Innenstadt • Exzellente Anbindung an den öffentlichen Verkehr und das Strassennetz • Gute Erreichbarkeit von Ausbildungsstätten • Vielfältiges Kultur- und Freizeitangebot Alle Details finden Sie auf der Website www.anna-heer.ch. Dort können Sie sich direkt auf die noch verfügbaren Wohnungen bewerben.Haben Sie Fragen zum Projekt, dann stehen wir Ihnen gerne zur Verfügung."
"Siewerdtstrasse 75, 8050 Zürich",2.5 Zimmer,39m²,CHF 730.–,"🏠 Grand Opening Special – City Pop Zürich Oerlikon Central! Stay 22 Months, Pay for 22! 🎉","📢 Buche für ein Jahr und erhalte den 22. Monat gratis!⏳ Nur für kurze Zeit! Die ersten 25 Apartments, die für 52 Wochen gebucht werden, profitieren von dieser exklusiven Aktion.🔖 Angebotsdetails: • Buche für 52 aufeinanderfolgende Wochen und erhalte den letzten Monat kostenlos. • Angebot gültig für Buchungen bis zum 32. März 2025 oder solange der Vorrat reicht. • Exklusiv für City Pop Zürich Oerlikon Central, Siewerdtstrasse 75, 8050 Zürich. • Nicht übertragbar und nur für die erste Buchung gültig. • Die Buchung muss durchgehend und ohne Unterbrechung erfolgen. • Nicht in Bargeld oder andere Rabatte umwandelbar. • Wird die Buchung unterbrochen oder storniert, verfällt das Angebot. • Der Kunde zahlt alle monatlichen Gebühren, außer für den letzten Monat, der kostenlos ist. 🚀 Jetzt schnell sein! Dieses Angebot gilt nur für eine begrenzte Anzahl an Apartments!Neu eröffnung! Ab dem 23.03. bieten wir zentral gelegene Apartments im Gebäude City Pop Zurich Oerlikon Central an der Siewerdtstrasse 73, 8050 Zürich an, die zwischen 39 und 70 Quadratmeter gross sind. Ab 525 CHF/Woche können Sie aus verschiedenen Pop-Typen wählen: Pop M, L, Pop 2.5Die beigefügten Bilder stammen aus anderen City Pop Apartments und sind als repräsentativ zu betrachten. Die Möblierung ist gleich, das Layout könnte variieren.Diese möblierten Apartments bieten ein authentisches Wohnerlebnis. Da die Bauarbeiten noch im Gange sind, stehen uns noch keine Originalfotos zur Verfügung.So buchen Sie Ihr Apartment:Laden Sie einfach unsere App herunter: • Für iOS: Suchen Sie nach City Pop im App Store. • Für Android: Suchen Sie nach City Pop im Google Play Store. Nach der Installation der App erstellen Sie ein Konto und navigieren Sie zum Suchbereich. Folgen Sie diesen Schritten: • Wählen Sie ""Suchen und Jetzt Buchen!"" • Wählen Sie Zürich als Ihre Stadt. • Setzen Sie Ihre gewünschten Check-in- und Check-out-Daten. Die Apartments sind vollständig ausgestattet, einschließlich: • Küche, Wohnzimmer, Schlafzimmer und Bad. • Vollständiges Inventar für die Küche (Teller, Gläser, Töpfe usw.). • Schlafbereich und Bad (mit Handtuchset). • Nebenkosten inklusive. • Wi-Fi und Smart TV. Die Pop Apartments können für einen Mindestzeitraum von 4 Wochen gebucht werden. Zudem wird eine breite Palette von Standard- und Zusatzdiensten verfügbar sein, die über die City Pop App aktiviert werden können, darunter: • Reinigungsservice (wöchentlich, zweiwöchentlich). • Parkplatz. Das Gebäude wird auch über fantastische Gemeinschaftsräume verfügen, darunter: • Co-Living-Bereiche. • Garten. Es ist so einfach wie ein Hotelzimmer zu buchen! Die Reservierungen sind jetzt geöffnet! Worauf warten Sie noch? Buchen Sie jetzt Ihren Aufenthalt im City Pop Zurich Oerlikon Central, Siewerdtstrasse 73, 8050 Zürich!Wenn Sie Fragen haben oder weitere Informationen benötigen, zögern Sie bitte nicht, uns unter contact.ch@citypop.com zu kontaktieren. Unser Team steht Ihnen gerne zur Verfügung.____________________________________________________________________ENG📢 Book for one year and get the 22th month free!⏳ Limited availability! Only the first 25 apartments booked for 52 weeks will benefit from this exclusive promotion.🔖 Offer Details: • Book for 52 consecutive weeks and get the last month free. • Offer valid for bookings made by March 32, 2025, or until sold out. • Exclusive to City Pop Zürich Oerlikon Central, Siewerdtstrasse 75, 8050 Zürich. • Non-transferable and valid only for the first booking. • The booking must be continuous and without interruption. • Not convertible into cash or other discounts. • If the booking is interrupted or canceled, the offer becomes void. • The customer pays all monthly fees except for the last one, which is free. 🚀 Hurry up! This offer is available for a limited number of apartments!City Pop Zurich Oerlikon Central - The flexible solution for short and long stays that makes you feel at home.Newly opening! Starting from March 23, we offer centrally located apartments at City Pop Zurich Messe, Siewerdtstrasse 73, 8050 Zurich, ranging from 39 to 70 square meters. From 525 CHF/week, you can choose from various Pop types: Pop M, L, Pop 2.5.The attached images are from other City Pop apartments and are to be considered representative. The furnishings are the same, but the layout may vary.These furnished apartments provide an authentic living experience. As construction is still ongoing, we do not yet have original photos.How to book your apartment:Simply download our app: • For iOS: Search for City Pop in the App Store. • For Android: Search for City Pop in the Google Play Store. Once the app is installed, create an account and navigate to the search section. Follow these steps: • Select ""Search and Book Now!"" • Choose Zurich as your city. • Set your desired check-in and check-out dates. The apartments are fully equipped, including: • Kitchen, living room, bedroom, and bathroom. • Complete kitchen inventory (plates, glasses, pots, etc.). • Sleeping area and bathroom (with towel set). • All utilities included. • Wi-Fi and Smart TV. Pop apartments can be booked for a minimum period of 4 weeks. Additionally, a wide range of standard and additional services will be available, activated via the City Pop app, including: • Cleaning service (weekly, bi-weekly). • Parking. The building will also feature fantastic communal spaces, including: • Co-living areas. • Garden. It’s as simple as booking a hotel room! Reservations are now open! What are you waiting for? Book your stay at City Pop Zurich Oerlikon Central, Siewerdtstrasse 73, 8050 Zurich, now!If you have any questions or need further information, please do not hesitate to contact us at contact.ch@citypop.com. Our team is here to assist you."
"Segnesstrasse 10, 8048 Zürich",4.5 Zimmer,94m²,CHF 4’300.–,"Exklusive Erstvermietung - Projekt ""TILIA""","Im Projekt «TILIA» finden Sie 72 stilvolle 1.5 bis 4.5-Zimmer-Wohnungen und Gewerbeflächen im Erdgeschoss.Das von den renommierten Basler Architekten Herzog &amp; de Meuron entworfene Projekt steht für hochwertige Verdichtung mit vielfältigen Grundrisstypologien in hoher Qualität. Die 4.5-Zimmer-Wohnungen zeichnen sich durch folgende Vorzüge aus: • Hochwertiger Ausbau im Eigentumsstandard • Moderne Küche mit Induktions-Kochfeld, Backofen, Kühl-Gefrierkombination und Geschirrspüler • Wohn- und Schlafzimmer mit Eichenparkett • Dusche/WC • sehr grosszügige Aussenfläche • eigener Waschturm in der Wohnung • Fussbodenheizung Altstetten ist ein aufstrebender Stadtteil, der das Beste aus städtischen Leben und Naherholungsgebiet verbindet. Hier finden Sie Lebensqualität: Einkaufsmöglichkeiten, Restaurants, Sporteinrichtungen, Hallen- und Freibad, Schulen und Weiteres in Gehdistanz. Haben wir Ihr Interesse geweckt?Gerne stehen wir Ihnen bei Fragen zur Verfügung und würden uns freuen Sie als neuen Mieter begrüssen zu dürfen."
"Hohlstrasse 212, 8004 Zürich",4.5 Zimmer,150m²,CHF 6’080.–,Luxuriöse Loft Wohnung mit grosser Dachterrasse und separaten Zimmer,"ab 01.04..4045 attraktives, helles und sonniges Loft bestehend aus zwei Zimmer mit Dachterrasse in der Kernzone von Zürich. Hohlstrasse 414.Eckdaten:Loft mit grandioser Fensterfront, grosser Dachterrasse ca. 44 m4, kontrollierte Wohnungslüftung, Cheminée, Fussbodenheizung, 4 WC, Lift. Wohnflächen ca. 94 m4, Baujahr 1909, komplett renoviert 4041.Beschreibung:Das wunderschöne lichtdurchflutete Loft wurde 4041 sorgfältig und umfassend renoviert. Dabei wurde darauf geachtet, den bestehenden Charakter der Liegenschaft zu bewahren. Die Liegenschaft ist zentral gelegen und an die öffentlichen Verkehrsmittel sehr gut erschlossen. In unmittelbarer Nähe befindet sich die Haltestelle Hardplatz für Tram/Bus, sowie der Bahnhof, Zürich-Hardbrücke. Der Autobahnzubringer in Richtung Bern/Flughafen//Winterthur/St. Gallen, ist ebenfalls sehr schnell erreichbar.Einkaufsmöglichkeiten, Kultur, Unterhaltung und Dienstleister des täglichen Bedarfs sind in direkter Umgebung.Ausstattung:Grosszügige Küche: mit energieeffizienten Geräten, Induktion-Kochherd mit Touch-Bedienung, Steamer/Backofen, Einbaukühlschrank mit separaten Gefrierteil, Geschirrspüler.Modernes Bad mit Badewanne sowie separates WC. Doppelwaschtisch, alles verglast, eigene Waschmaschine und Tumbler, Handtuchradiator.Grandiose Fensterfront, neue hochisolierende Fenster, inkl. Schallschutz. Kontrollierte Wohnungslüftung, intelligente Dachfenster via App bedienbar.Cheminée und Fussbodenheizung. Parkettboden weisse Eiche.Dachterrasse mit Beschattung, automatischer Ausziehtreppe, Aussenwasserhahn, 5 grosse kupferfarbene Pflanzenkübel, schöner Rost als Fussboden.Briefkastenanlage mit Paketannahme Boxen via Handy, Velokeller. Glasfaseranschluss, zentrale Warmwasseraufbereitung mittels Solaranlage,Eigenes Kellerabteil mit Steckdose, Lift mit Haltestellen vom Keller bis zum Dachgeschoss, Wohnungstüren mit Einbruchschutz und Spion, Gegensprechanlage mit Türöffner.Als weiteren Luxus kann ein Parkplatz direkt vor der Haustüre für Fr 180.00 angemietet werden."
"Siewerdtstrasse 75, 8050 Zürich",2.5 Zimmer,39m²,CHF 730.–,Last available Apartments at City Pop Zürich Oerlikon Central,"Neu eröffnung! Ab dem 23.03. bieten wir zentral gelegene Apartments im City Pop Zurich Oerlikon Central an der Siewerdtstrasse 73, 8050 Zürich an, die zwischen 23 und 70 Quadratmeter groß sind. Ab 525 CHF/Woche können Sie aus verschiedenen Pop-Typen wählen: Pop M, L, Pop 2.5Die beigefügten Bilder stammen aus anderen City Pop Apartments und sind als repräsentativ zu betrachten. Die Möblierung ist gleich, das Layout könnte variieren.Diese möblierten Apartments bieten ein authentisches Wohnerlebnis. Da die Bauarbeiten noch im Gange sind, stehen uns noch keine Originalfotos zur Verfügung.So buchen Sie Ihr Apartment:Laden Sie einfach unsere App herunter: • Für iOS: Suchen Sie nach City Pop im App Store. • Für Android: Suchen Sie nach City Pop im Google Play Store. Nach der Installation der App erstellen Sie ein Konto und navigieren Sie zum Suchbereich. Folgen Sie diesen Schritten: • Wählen Sie ""Suchen und Jetzt Buchen!"" • Wählen Sie Zürich als Ihre Stadt. • Setzen Sie Ihre gewünschten Check-in- und Check-out-Daten. Die Apartments sind vollständig ausgestattet, einschließlich: • Küche, Wohnzimmer, Schlafzimmer und Bad. • Vollständiges Inventar für die Küche (Teller, Gläser, Töpfe usw.). • Schlafbereich und Bad (mit Handtuchset). • Nebenkosten inklusive. • Wi-Fi und Smart TV. Die Pop Apartments können für einen Mindestzeitraum von 4 Wochen gebucht werden. Zudem wird eine breite Palette von Standard- und Zusatzdiensten verfügbar sein, die über die City Pop App aktiviert werden können, darunter: • Reinigungsservice (wöchentlich, zweiwöchentlich). • Parkplatz. Das Gebäude wird auch über fantastische Gemeinschaftsräume verfügen, darunter: • Co-Living-Bereiche. Es ist so einfach wie ein Hotelzimmer zu buchen! Die Reservierungen sind jetzt geöffnet! Worauf warten Sie noch? Buchen Sie jetzt Ihren Aufenthalt im City Pop Zurich Oerlikon Central, Siewerdtstrasse 73, 8050 Zürich!Wenn Sie Fragen haben oder weitere Informationen benötigen, zögern Sie bitte nicht, uns unter contact.ch@citypop.com zu kontaktieren. Unser Team steht Ihnen gerne zur Verfügung.Bitte beachte: Die Bilder stammen aus anderen bereits betriebenen City Pop Apartments. Das Layout bleibt jedoch unverändert, da sich die Apartments derzeit in der Endfertigungsphase befinden._____________________________________________________________ENGCity Pop Zurich Messe - The flexible solution for short and long stays that makes you feel at home.Newly opening! Starting from March 23, we offer centrally located apartments at City Pop Zurich Oerlikon Central, Siewerdtstrasse 73, 8050 Zurich, ranging from 23 to 70 square meters. From 525 CHF/week, you can choose from various Pop types: Pop M, L, Pop 2.5.The attached images are from other City Pop apartments and are to be considered representative. The furnishings are the same, but the layout may vary.These furnished apartments provide an authentic living experience. As construction is still ongoing, we do not yet have original photos.How to book your apartment:Simply download our app: • For iOS: Search for City Pop in the App Store. • For Android: Search for City Pop in the Google Play Store. Once the app is installed, create an account and navigate to the search section. Follow these steps: • Select ""Search and Book Now!"" • Choose Zurich as your city. • Set your desired check-in and check-out dates. The apartments are fully equipped, including: • Kitchen, living room, bedroom, and bathroom. • Complete kitchen inventory (plates, glasses, pots, etc.). • Sleeping area and bathroom (with towel set). • All utilities included. • Wi-Fi and Smart TV. Pop apartments can be booked for a minimum period of 4 weeks. Additionally, a wide range of standard and additional services will be available, activated via the City Pop app, including: • Cleaning service (weekly, bi-weekly). • Parking. The building will also feature fantastic communal spaces, including: • Co-living areas. It’s as simple as booking a hotel room! Reservations are now open! What are you waiting for? Book your stay at City Pop Zurich Oerlikon Central, Siewerdtstrasse 73, 8050 Zurich, now!If you have any questions or need further information, please do not hesitate to contact us at contact.ch@citypop.com. Our team is here to assist you.Please note: The images are from other already operational City Pop apartments. However, the layout remains unchanged, as the apartments are currently in the final finishing phase."
"Leutschenbachstrasse 48, 8050 Zürich",5.5 Zimmer,160m²,CHF 5’680.–,Duplex-/Maisonette-Wohnung in Zürich,"Diese moderne Maisonette-Wohnung bietet alles, was du dir von einem neuen Zuhause wünschst: durchdachtes Design, viel Tageslicht und eine erstklassige Lage. Ob du deinen Alltag in einer ruhigen Umgebung geniessen oder den urbanen Lifestyle auskosten möchtest – hier findest du die perfekte Balance.Was dich erwartet: • Grosszügige Wohnfläche: Die offene Raumaufteilung sorgt für ein angenehmes Wohngefühl und lässt sich flexibel einrichten. • Private Sonnenterrasse: Geniesse entspannte Stunden im Freien – ob morgens bei einem Kaffee oder abends mit Freunden. • Tierfreundlich: Kleintiere wie Katzen sind herzlich willkommen – hier dürfen auch deine tierischen Begleiter zuhause sein. • Freundliche Nachbarschaft: Deine zukünftigen Nachbarn sind aufgeschlossen und schaffen eine angenehme Atmosphäre im Haus. • Zentrale Lage: Einkaufsmöglichkeiten, Restaurants und öffentliche Verkehrsmittel sind in wenigen Minuten erreichbar – ein echter Vorteil im Alltag. • Inklusive Parkplatz: Im Mietpreis ist ein Parkplatz mit moderner E-Ladestation enthalten – ideal für dein E-Auto oder zukünftige Mobilitätsbedürfnisse. Diese Wohnung ist die perfekte Wahl für anspruchsvolle Einzelpersonen, Paare oder kleine Familien, die modernes Wohnen mit Komfort und einer zentralen Lage kombinieren möchten.Vereinbare jetzt einen Besichtigungstermin und lass dich von diesem besonderen Zuhause begeistern!"
"Spindelstrasse 15, 8041 Zürich",7.5 Zimmer,200m²,CHF 6’720.–,Helle und grosszügige 7.5 Zimmer-Wohnung,"Per Anfang 2025 entstehen im Projekt «SIHLLIFE» moderne 1.5 bis 7.5-Zimmer-Wohnungen im Minergie-Standard zur Verfügung. Gut möblierbare Grundrisse und ein hochwertiger Ausbaustandard runden das Angebot ab.Die 7.5-Zimmer-Wohnungen überzeugen durch folgende Vorzüge: • Moderne Küche mit Induktions-Kochfeld, Backofen, Steamer, Kühlschrank mit Gefrierfach und Geschirrspüler • Wohn-/Schlafraum mit Eichenparkett • Jede Wohnung verfügt über einen Waschturm (Waschmaschine und Tumbler) • grosszügige Terrassen • Fussbodenheizung • kontrollierte Wohnungslüftung • Lift • Kellerabteil pro Wohnung im Untergeschoss Das Manegg-Quartier zählt zu den bevorzugten Wohnlagen in Zürich Kreis 2. Als Bewohner werden Sie die grüne, ruhige und zentrale Lage schätzen. Der Bahnhof Manegg liegt in Gehdistanz und bis zum Hauptbahnhof Zürich sind es weniger als 10 Minuten Fahrt. Rund um den Wohnkomplex gibt es Cafés, sowie mehrere Einkaufsmöglichkeiten.Bei Interesse können Sie sich gerne für die Besichtigung unserer Musterwohnungen anmelden.Hinweis: Es handelt sich bei den Bildern um Visualisierungen, welche den Ausbaustandard zeigen und vom angebotenen Objekt abweichen können. Den genauen Grundriss können Sie dem Grundrissplan im Anhang entnehmen. Weitere Informationen finden Sie auf unserer Projektwebseite."
"Zeltweg 68, 8032 Zürich",4.5 Zimmer,130m²,CHF 6’720.–,Exklusive 4.5-Zimmer-Wohnung mit privater Dachterrasse,"Im lebhaften Zürcher Quartier Hottingen, am Zeltweg 68, entstehen voraussichtlich per Juli 2025 elf exklusive Stadtwohnungen. Aktuell sind noch zwei attraktive 4.5-Zimmer-Dachgeschosswohnungen mit Wohnflächen von ca. 130 m² bis 89 m², durchdachten Grundrissen, privater Dachterrasse sowie einem zeitlosen und hochwertigen Innenausbau, bietet Ihnen das Projekt Turmalin ein perfektes Zuhause. Die Highlights der 4.5-Zimmer-Dachgeschosswohnungen- Private und grosszügige Dachterrasse, die zum Verweilen einlädt mit Blick auf das Dolder-Hotel- Edle Küche mit Kochinsel, hochwertigen Geräten und reichlich Stauraum - Modernes Badezimmer mit bodenebener, verglaster Dusche- Eigener Waschturm in der Wohnung (Kombigerät)- Smart-Home-Vernetzung für optimalen Wohnkomfort- Kontrollierte Wohnungslüftung in jeder WohnungTurmalin - Ihr neues Zuhause in Hottingen- Attraktive Grünanlagen mit Gemeinschaftsgarten- Erstklassige Lage zwischen Kreuzplatz und Kunsthaus Zürich- Perfekter Ausgangspunkt für sämtliche Freizeitaktivitäten in der Stadt- Nachhaltigkeit: Solaranlage und Erdsondenheizung (Bodenheizung mit Freecooling)- Hervorragende Anbindung: Bushaltestelle und Bahnhof Stadelhofen in unmittelbarer NäheAuf www.turmalin-zh.ch finden Sie viele weitere spannende Informationen über das Projekt. Haben Sie Ihre Traumwohnung im Turmalin gefunden? Dann freuen wir uns über Ihre Anmeldung über das Kontaktformular. Anschliessend werden wir ein kurzes persönliches Gespräch mit Ihnen vereinbaren (via Teams-Call). Im Anschluss erhalten Sie einen Link zum digitalen Bewerbungstool, um uns Ihre Bewerbungsunterlagen zukommen zu lassen.*Bei den Bildern handelt es sich um Visualisierungen und der Rundgang stellt die 3.5-Zimmer-Musterwohnung dar. Wir freuen uns auf Ihre Kontaktaufnahme!Werfen Sie einen Blick auf unsere anderen Angebote. Vielleicht ist Ihr Traumobjekt dabei.Seit über 50 Jahren beraten und begleiten wir unsere Kundinnen und Kunden auf dem Weg zu ihrer Wunschimmobilie. Unsere erfahrenen Mitarbeiterinnen und Mitarbeiter verbinden fundierte Marktkenntnisse mit Leidenschaft. Überzeugen Sie sich von unserem Engagement und unserer Kompetenz und finden Sie mit uns Ihr neues Zuhause."
"Zeltweg 68, 8032 Zürich",4.5 Zimmer,145m²,CHF 7’460.–,Wohnjuwel über den Dächern von Zürich,"Im lebhaften Zürcher Quartier Hottingen, am Zeltweg 68, entstehen voraussichtlich per Juli 2025 elf exklusive Stadtwohnungen. Aktuell sind noch zwei attraktive 4.5-Zimmer-Dachgeschosswohnungen mit Wohnflächen von ca. 80 m² bis 145 m², durchdachten Grundrissen, privater Dachterrasse sowie einem zeitlosen und hochwertigen Innenausbau, bietet Ihnen das Projekt Turmalin ein perfektes Zuhause.Die Highlights der 4.5-Zimmer-Dachgeschosswohnungen- Private und grosszügige Dachterrasse, die zum Verweilen einlädt mit Blick auf das Dolder-Hotel- Edle Küche mit Kochinsel, hochwertigen Geräten und reichlich Stauraum - Modernes Badezimmer mit bodenebener, verglaster Dusche- Eigener Waschturm in der Wohnung (Kombigerät)- Smart-Home-Vernetzung für optimalen Wohnkomfort- Kontrollierte Wohnungslüftung in jeder WohnungTurmalin - Ihr neues Zuhause in Hottingen- Attraktive Grünanlagen mit Gemeinschaftsgarten- Erstklassige Lage zwischen Kreuzplatz und Kunsthaus Zürich- Perfekter Ausgangspunkt für sämtliche Freizeitaktivitäten in der Stadt- Nachhaltigkeit: Solaranlage und Erdsondenheizung (Bodenheizung mit Freecooling)- Hervorragende Anbindung: Bushaltestelle und Bahnhof Stadelhofen in unmittelbarer NäheAuf www.turmalin-zh.ch finden Sie viele weitere spannende Informationen über das Projekt. Haben Sie Ihre Traumwohnung im Turmalin gefunden? Dann freuen wir uns über Ihre Anmeldung über das Kontaktformular. Anschliessend werden wir ein kurzes persönliches Gespräch mit Ihnen vereinbaren (via Teams-Call). Im Anschluss erhalten Sie einen Link zum digitalen Bewerbungstool, um uns Ihre Bewerbungsunterlagen zukommen zu lassen.*Bei den Bildern handelt es sich um Visualisierungen und der Rundgang stellt die 3.5-Zimmer-Musterwohnung dar. Wir freuen uns auf Ihre Kontaktaufnahme!Werfen Sie einen Blick auf unsere anderen Angebote. Vielleicht ist Ihr Traumobjekt dabei.Seit über 50 Jahren beraten und begleiten wir unsere Kundinnen und Kunden auf dem Weg zu ihrer Wunschimmobilie. Unsere erfahrenen Mitarbeiterinnen und Mitarbeiter verbinden fundierte Marktkenntnisse mit Leidenschaft. Überzeugen Sie sich von unserem Engagement und unserer Kompetenz und finden Sie mit uns Ihr neues Zuhause."
"Spindelstrasse 15, 8041 Zürich",4.5 Zimmer,125m²,CHF 3’940.–,Luxuriöse 4.5 Zimmer-Wohnung in ruhiger Lage,"Per Anfang 2025 entstehen im Projekt «SIHLLIFE» moderne 1.5 bis 5.5-Zimmer-Wohnungen im Minergie-Standard. Grosszügige Grundrisse und einen hochwertigen Ausbaustandard runden das Angebot ab.Die 4.5-Zimmer-Wohnungen überzeugen durch folgende Vorzüge: • Moderne Küche mit Induktions-Kochfeld, Backofen, Kühlschrank mit Gefrierfach und Geschirrspüler • Wohn-/Schlafraum mit Eichenparkett • Jede Wohnung verfügt über einen Waschturm (Waschmaschine und Tumbler) • grosszügige Terrassen • Fussbodenheizung • kontrollierte Wohnungslüftung • Lift • Kellerabteil pro Wohnung im Untergeschoss Das Manegg-Quartier zählt zu den bevorzugten Wohnlagen im Kreis 2. Als Bewohner werden Sie die grüne, ruhige und zentrale Lage schätzen. Der Bahnhof Manegg liegt in Gehdistanz und bis zum Hauptbahnhof Zürich sind es weniger als 10 Minuten Fahrt. Rund um den Wohnkomplex gibt es Cafés, sowie mehrere Einkaufsmöglichkeiten.Bei Interesse können Sie sich gerne für eine Besichtigung unserer Musterwohnungen anmelden.Bei Interesse können Sie sich gerne für eine Besichtigung unserer Musterwohnungen anmelden.Hinweis: Es handelt sich bei den Bildern um Visualisierungen, welche den Ausbaustandard zeigen und vom angebotenen Objekt abweichen können. Den genauen Grundriss entnehmen Sie dem Grundrissplan im Anhang.Weitere Informationen finden Sie auf unserer Projektwebseite."
"Spindelstrasse 9, 8041 Zürich",4.5 Zimmer,138m²,CHF 4’650.–,Wohnen mit Stil,"Per Anfang 2025 entstehen im Projekt «SIHLLIFE» moderne 1.5 bis 5.5-Zimmer-Wohnungen im Minergie-Standard. Grosszügige Grundrisse und einen hochwertigen Ausbaustandard runden das Angebot ab.Die 4.5-Zimmer-Wohnungen überzeugen durch folgende Vorzüge: • Moderne Küche mit Induktions-Kochfeld, Backofen, Mikrowelle, Kühlschrank mit Gefrierfach und Geschirrspüler • Wohn-/Schlafraum mit Eichenparkett • Jede Wohnung verfügt über einen Waschturm (Waschmaschine und Tumbler) • grosszügige Terrassen • Fussbodenheizung • kontrollierte Wohnungslüftung • Lift • Kellerabteil pro Wohnung im Untergeschoss Das Manegg-Quartier zählt zu den bevorzugten Wohnlagen im Kreis 2. Als Bewohner werden Sie die grüne, ruhige und zentrale Lage schätzen. Der Bahnhof Manegg liegt in Gehdistanz und bis zum Hauptbahnhof Zürich sind es weniger als 10 Minuten Fahrt. Rund um den Wohnkomplex gibt es Cafés, sowie mehrere Einkaufsmöglichkeiten.Bei Interesse können Sie sich gerne für eine Besichtigung unserer Musterwohnungen anmelden.Bei Interesse können Sie sich gerne für eine Besichtigung unserer Musterwohnungen anmelden.Hinweis: Es handelt sich bei den Bildern um Visualisierungen, welche den Ausbaustandard zeigen und vom angebotenen Objekt abweichen können. Den genauen Grundriss entnehmen Sie dem Grundrissplan im Anhang.Weitere Informationen finden Sie auf unserer Projektwebseite."
"Cäcilienstr. 5, 8032 Zürich",10.5 Zimmer,320m²,CHF 13’360.–,Traumhafte Wohngelegenheit,"Sind Sie auf der Suche nach einer wunderschönen Wohnung in der Nähe am Hottingerplatz? Dann nutzen Sie diese Gelegenheit und richten Sie sich in unserer 10.5-Zimmerwohnung per 01. November 2024 ein.- Moderne Küche mit grosszügiger Kochinsel und hochwertigen Geräten ausgestattet - Wohnzimmer mit Erkerfenster- Badezimmer en Suite- Eigene Waschküche- Helle Räume- Wohnung mit eigenem Liftzugang- Aufwendig verarbeitete Parkett-/Plattenböden- Schöne Stuckdecken- GartensitzplatzDas 1903 erbaute und umfassend sanierte Haus ist hervorragend gelegen, nahe der Stadt, mit diversen Einkaufsmöglichkeiten rund um den Hottingerplatz. Die öffentlichen Verkehrsmittel erreichen Sie innert wenigen Minuten bequem zu Fuss.Überzeugen Sie sich selbst vor Ort von der repräsentativen Wohnung. De n Link für die Anmeldung an dem Besichtigungstermin erhalten Sie via Kontaktformular. BVK - Die Pensionskasse mit attraktivem Wohnraum in der ganzen Schweiz. Tagesaktuell auf www.bvk.ch."
"Mythenquai 349a, 8038 Zürich",5.5 Zimmer,158m²,CHF 7’150.–,5.5-Zimmerwohnung mit praktischem Grundriss in Zürich,N/A
"Mythenquai 353, 8038 Zürich",4.5 Zimmer,150m²,CHF 6’740.–,Grosszügige 4.5-Zimmerwohnung in Zürich,N/A
"Schärenmoosstrasse 78, 8052 Zürich",4.5 Zimmer,122m²,CHF 7’040.–,BESONDERES WOHNEN IM THE METROPOLITANS KOMPLEX / EXCEPTIONAL LIVING IN THE METROPOLITANS COMPLEX,N/A
"Forchstrasse 239 / 241, 8032 Zürich",5.5 Zimmer,154m²,CHF 7’690.–,Forchstrasse 259/241 - Choose your lifestyle,N/A
"Rotbuchstrasse 9, 8006 Zürich",2 Zimmer,21m²,CHF 2’640.–,City Pop - Cosy Studio Apartments close to Zürich centre,"Neu eröffnet! Ab dem 20.04.2025 bieten wir zentral gelegene Apartments im Gebäude City Pop Zurich Urban an der Rotbuchstrasse 9, 8006 Zürich an, die zwischen 27 und 34 Quadratmeter groß sind. Ab 425 CHF/Woche können Sie aus verschiedenen Pop-Typen wählen: L Deluxe, XL Deluxe, XXL.Die beigefügten Bilder stammen aus anderen City Pop Apartments und sind als repräsentativ zu betrachten. Die Möblierung ist gleich, das Layout könnte variieren.Diese möblierten Apartments bieten ein authentisches Wohnerlebnis. Da die Bauarbeiten noch im Gange sind, stehen uns noch keine Originalfotos zur Verfügung.So buchen Sie Ihr Apartment:Laden Sie einfach unsere App herunter: • Für iOS: Suchen Sie nach City Pop im App Store. • Für Android: Suchen Sie nach City Pop im Google Play Store. Nach der Installation der App erstellen Sie ein Konto und navigieren Sie zum Suchbereich. Folgen Sie diesen Schritten: • Wählen Sie ""Suchen und Jetzt Buchen!"" • Wählen Sie Zürich als Ihre Stadt. • Setzen Sie Ihre gewünschten Check-in- und Check-out-Daten. Die Apartments sind vollständig ausgestattet, einschließlich: • Küche, Wohnzimmer, Schlafzimmer und Bad. • Vollständiges Inventar für die Küche (Teller, Gläser, Töpfe usw.). • Schlafbereich und Bad (mit Handtuchset). • Nebenkosten inklusive. • Wi-Fi und Smart TV. Die Pop Apartments können für einen Mindestzeitraum von 4 Wochen gebucht werden. Zudem wird eine breite Palette von Standard- und Zusatzdiensten verfügbar sein, die über die City Pop App aktiviert werden können, darunter: • Reinigungsservice (wöchentlich, zweiwöchentlich). • Waschbereich. Das Gebäude wird auch über fantastische Gemeinschaftsräume verfügen, darunter: • Co-Living-Bereiche. • Co-working Bereiche. Es ist so einfach wie ein Hotelzimmer zu buchen! Die Reservierungen sind jetzt geöffnet! Worauf warten Sie noch? Buchen Sie jetzt Ihren Aufenthalt im City Pop Zurich Urban, Rotbuchstrasse 9, 8006 Zürich!Wenn Sie Fragen haben oder weitere Informationen benötigen, zögern Sie bitte nicht, uns unter contact.ch@citypop.com zu kontaktieren. Unser Team steht Ihnen gerne zur Verfügung.Bitte Beachte: Die Bilder stammen aus anderen bereits betriebenen City Pop Apartments. Das Layout bleibt jedoch unverändert, da sich die Apartments derzeit in der Endfertigungsphase befinden.__________________________________________________________________ENGCity Pop Zurich Urban - The flexible solution for short and long stays that makes you feel at home.Newly opened! Starting from April 20, 2025, we offer centrally located apartments at City Pop Zurich Urban, Rotbuchstrasse 9, 8006 Zurich, ranging from 27 to 34 square meters. From 425 CHF/week, you can choose from various Pop types: L Deluxe, XL Deluxe, XXL.The attached images are from other City Pop apartments and are to be considered representative. The furnishings are the same, but the layout may vary.These furnished apartments provide an authentic living experience. As construction is still ongoing, we do not yet have original photos.How to book your apartment:Simply download our app: • For iOS: Search for City Pop in the App Store. • For Android: Search for City Pop in the Google Play Store. Once the app is installed, create an account and navigate to the search section. Follow these steps: • Select ""Search and Book Now!"" • Choose Zurich as your city. • Set your desired check-in and check-out dates. The apartments are fully equipped, including: • Kitchen, living room, bedroom, and bathroom. • Complete kitchen inventory (plates, glasses, pots, etc.). • Sleeping area and bathroom (with towel set). • All utilities included. • Wi-Fi and Smart TV. Pop apartments can be booked for a minimum period of 4 weeks. Additionally, a wide range of standard and additional services will be available, activated via the City Pop app, including: • Cleaning service (weekly, bi-weekly). • Parking. The building will also feature fantastic communal spaces, including: • Co-living areas. • Co-working areas. It’s as simple as booking a hotel room! Reservations are now open! What are you waiting for? Book your stay at City Pop Zurich Urban, Rotbuchstrasse 9, 8006 Zurich, now!If you have any questions or need further information, please do not hesitate to contact us at contact.ch@citypop.com. Our team is here to assist you.Please note: The images are from other already operational City Pop apartments. However, the layout remains unchanged, as the apartments are currently in the final finishing phase."
"Militärstrasse 106, 8004 Zürich",2 Zimmer,38m²,CHF 3’110.–,City Pop - Cosy Studio Apartments just next to HB Zürich,"Neu eröffnet! Ab dem 20.03.2025 bieten wir zentral gelegene Apartments im Gebäude City Pop Zurich City an der Militarstrasse 206, 8004 Zürich an, die zwischen 29 und 46 Quadratmeter groß sind. Ab 500 CHF/Woche können Sie aus verschiedenen Pop-Typen wählen: S, M, L, 2.5.Die beigefügten Bilder stammen aus anderen City Pop Apartments und sind als repräsentativ zu betrachten. Die Möblierung ist gleich, das Layout könnte variieren.Diese möblierten Apartments bieten ein authentisches Wohnerlebnis. Da die Bauarbeiten noch im Gange sind, stehen uns noch keine Originalfotos zur Verfügung.So buchen Sie Ihr Apartment:Laden Sie einfach unsere App herunter: • Für iOS: Suchen Sie nach City Pop im App Store. • Für Android: Suchen Sie nach City Pop im Google Play Store. Nach der Installation der App erstellen Sie ein Konto und navigieren Sie zum Suchbereich. Folgen Sie diesen Schritten: • Wählen Sie ""Suchen und Jetzt Buchen!"" • Wählen Sie Zürich als Ihre Stadt. • Setzen Sie Ihre gewünschten Check-in- und Check-out-Daten. Die Apartments sind vollständig ausgestattet, einschließlich: • Küche, Wohnzimmer, Schlafzimmer und Bad. • Vollständiges Inventar für die Küche (Teller, Gläser, Töpfe usw.). • Schlafbereich und Bad (mit Handtuchset). • Nebenkosten inklusive. • Wi-Fi und Smart TV. Die Pop Apartments können für einen Mindestzeitraum von 4 Wochen gebucht werden. Zudem wird eine breite Palette von Standard- und Zusatzdiensten verfügbar sein, die über die City Pop App aktiviert werden können, darunter: • Reinigungsservice (wöchentlich, zweiwöchentlich). • Parkplatz. Das Gebäude wird auch über fantastische Gemeinschaftsräume verfügen, darunter: • Gym Es ist so einfach wie ein Hotelzimmer zu buchen! Die Reservierungen sind jetzt geöffnet! Worauf warten Sie noch? Buchen Sie jetzt Ihren Aufenthalt im City Pop Zurich City, Militarstrasse 206, 8004 Zürich!Wenn Sie Fragen haben oder weitere Informationen benötigen, zögern Sie bitte nicht, uns unter contact.ch@citypop.com zu kontaktieren. Unser Team steht Ihnen gerne zur Verfügung.Bitte beachte: Die Bilder stammen aus anderen bereits betriebenen City Pop Apartments. Das Layout bleibt jedoch unverändert, da sich die Apartments derzeit in der Endfertigungsphase befinden._________________________________________________________________ENGCity Pop Zurich City - The flexible solution for short and long stays that makes you feel at home.Newly opened! Starting from March 20, 2025, we offer centrally located apartments at City Pop Zurich City, Militarstrasse 206, 8004 Zurich, ranging from 29 to 46 square meters. From 500 CHF/week, you can choose from various Pop types: S, M, L, 2.5.The attached images are from other City Pop apartments and are to be considered representative. The furnishings are the same, but the layout may vary.These furnished apartments provide an authentic living experience. As construction is still ongoing, we do not yet have original photos.How to book your apartment:Simply download our app: • For iOS: Search for City Pop in the App Store. • For Android: Search for City Pop in the Google Play Store. Once the app is installed, create an account and navigate to the search section. Follow these steps: • Select ""Search and Book Now!"" • Choose Zurich as your city. • Set your desired check-in and check-out dates. The apartments are fully equipped, including: • Kitchen, living room, bedroom, and bathroom. • Complete kitchen inventory (plates, glasses, pots, etc.). • Sleeping area and bathroom (with towel set). • All utilities included. • Wi-Fi and Smart TV. Pop apartments can be booked for a minimum period of 4 weeks. Additionally, a wide range of standard and additional services will be available, activated via the City Pop app, including: • Cleaning service (weekly, bi-weekly). • Parking. The building will also feature fantastic communal spaces, including: • Gym It’s as simple as booking a hotel room! Reservations are now open! What are you waiting for? Book your stay at City Pop Zurich City, Militarstrasse 206, 8004 Zurich, now!If you have any questions or need further information, please do not hesitate to contact us at contact.ch@citypop.com. Our team is here to assist you.Please note: The images are from other already operational City Pop apartments. However, the layout remains unchanged, as the apartments are currently in the final finishing phase."
"Freiestr. 12, 8032 Zürich",4.5 Zimmer,98m²,CHF 4’180.–,Neusanierte 4.5-Zimmer-Wohnung an der Freiestrasse 12,"Per 1. April 2025 vermieten wir diese moderne 4.5-Zimmerwohnung an der Freiestrasse 12 in 8032 Zürich.Auf folgende Annehmlichkeiten dürfen Sie sich freuen:- Nachhaltige Neusanierung- Moderne Küche mit Glaskeramikkochfeld, Kombi-Steamer und Geschirrspüler- Zimmer mit Eichenparkett, Verlegeart Fischgrat- Helles Badezimmer mit Waschturm - Geschlossene Garderobe im Korridor - Rollladen mit Elektroantrieb und Ausstellfunktion- Fussbodenheizung mittels Fernwärme- eSmart System- Personenaufzug- KellerDie Bilder können abweichen (Spiegelverkehrt, Stockwerk).BVK - Die Pensionskasse mit attraktivem Wohnraum in der ganzen Schweiz. Tagesaktuell auf www.bvk.ch"
"Forchstrasse 239 / 241, 8032 Zürich",2.5 Zimmer,64m²,CHF 3’470.–,Forchstrasse 264/242 - Choose your lifestyle,N/A
"Forchstrasse 239 / 241, 8032 Zürich",4.5 Zimmer,101m²,CHF 4’470.–,Forchstrasse 439/441 - Choose your lifestyle,N/A
"Rolandstrasse 3, 8004 Zürich",5.5 Zimmer,106m²,CHF 4’590.–,N/A,N/A
"Rolandstrasse 3, 8004 Zürich",6.5 Zimmer,109m²,CHF 4’880.–,N/A,N/A
"Girhaldenstrasse 71, 8048 Zürich",5.5 Zimmer,151m²,CHF 6’450.–,N/A,N/A
"Goldbrunnenstrasse, 8055 Zürich",6.5 Zimmer,200m²,Preis auf Anfrage,Luxuriöser Wohnkomfort mit weitreichendem Panorama,N/A
"Birmensdorferstrasse 315, 8055 Zürich",5.5 Zimmer,133m²,CHF 5’740.–,Die letzten verfügbaren Wohnungen in The Corner - Unique living in Zürich,"Erstvermietung von 69 Neubau-Stadtwohnungen An der Adresse Birmensdorferstrasse 313-317 / Ziegeleiweg 10-14 in 8055 Zürich entstehen 69 charmante Stadtwohnungen, welche gestaffelt ab Mitte März bis Mai 2025 bezugsbereit sein werden. Die ausgeschriebene Wohnung 1.104 bietet Ihnen folgende Vorteile: • Helle Räume • Freundlicher Eichen Parkettboden • Zimmer 1 mit Bad en Suite und Ankleidenische • Gäste WC mit Walk-In Dusche • Waschmaschine und Tumbler in der Wohnung • Küche mit Geschirrspüler, Kühlschrank mit Gefrierschubladen, Induktions-Kochfeld, Backofen und Steamer • Elektrische Verbundraffstoren • Sitzplatz mit Direktzugang in den Innenhof Klicken Sie sich durch die Projekthomepage, auf welcher Sie die Mietzinse, Grundrisspläne und weitere Informationen vorfinden: the-corner-zurich.ch Sie können sich direkt online für die letzten 2.5 bis 5.5-Zimmerwohnungen digital über die Projektwebseite bewerben. Haben Sie Fragen? Zögern Sie nicht, uns zu kontaktieren. Wir nehmen uns gerne Zeit für Sie: thecorner@privera.ch Bitte beachten Sie, dass es sich bei den Visualisierungen und Wohnungstouren um Musterbilder aus anderen Wohnungen im The Corner handelt. Lediglich die Fotos 1.104 entsprechen der ausgeschriebenen Wohnung."
"Birmensdorferstrasse 313, 8055 Zürich",5.5 Zimmer,127m²,CHF 5’600.–,Die letzten verfügbaren Wohnungen in The Corner - Unique living in Zürich,"Erstvermietung von 69 Neubau-Stadtwohnungen An der Adresse Birmensdorferstrasse 313-317 / Ziegeleiweg 10-14 in 8055 Zürich entstehen 69 charmante Stadtwohnungen, welche gestaffelt ab Mitte März bis Mai 2025 bezugsbereit sein werden. Die ausgeschriebene Wohnung 1.109 bietet Ihnen folgende Vorteile: • Helle Räume • Freundlicher Eichen Parkettboden • Zimmer 1 mit Bad en Suite und Ankleidenische • Gäste WC mit Walk-In Dusche • Waschmaschine und Tumbler in der Wohnung • Küche mit Geschirrspüler, Kühlschrank mit Gefrierschubladen, Induktions-Kochfeld, Backofen und Steamer • Elektrische Verbundraffstoren • Sitzplatz mit Direktzugang in den Innenhof Klicken Sie sich durch die Projekthomepage, auf welcher Sie die Mietzinse, Grundrisspläne und weitere Informationen vorfinden: the-corner-zurich.ch Sie können sich ab sofort für die letzten 2.5 bis 5.5-Zimmerwohnungen digital über die Projektwebseite bewerben. Haben Sie Fragen? Zögern Sie nicht, uns zu kontaktieren. Wir nehmen uns gerne Zeit für Sie: thecorner@privera.ch Bitte beachten Sie, dass es sich bei den Visualisierungen und Wohnungstouren um verschiedene Wohnungen in The Corner handelt. Lediglich die Fotos 1.109 entsprechen der ausgeschriebenen Wohnung."
"Birmensdorferstrasse 315, 8055 Zürich",4.5 Zimmer,98m²,CHF 4’450.–,Die letzten verfügbaren Wohnungen in The Corner - Unique living in Zürich,"Erstvermietung von 69 Neubau-Stadtwohnungen An der Adresse Birmensdorferstrasse 313-317 / Ziegeleiweg 10-14 in 8055 Zürich entstehen 69 charmante Stadtwohnungen, welche gestaffelt ab Mitte März bis Mai 2025 bezugsbereit sein werden. Die ausgeschriebene Wohnung 1.105 bietet Ihnen folgende Vorteile: • Helle Räume • Freundlicher Eichen Parkettboden • Grosses Reduit mit Waschmaschine und Tumbler • Küche mit Geschirrspüler, Kühlschrank mit Gefrierschubladen, Induktions-Kochfeld, Backofen • Elektrische Verbundraffstoren • Sitzplatz mit Direktzugang in den Innenhof Klicken Sie sich durch die Projekthomepage, auf welcher Sie die Mietzinse, Grundrisspläne und weitere Informationen vorfinden: the-corner-zurich.ch Sie können sich ab sofort für die letzten 4.5 bis 3.5-Zimmerwohnungen digital über die Projektwebseite bewerben. Haben Sie Fragen? Zögern Sie nicht, uns zu kontaktieren. Wir nehmen uns gerne Zeit für Sie: thecorner@privera.ch Bitte beachten Sie, dass es sich bei den Visualisierungen und der Wohnungstour um die Musterwohnung 2.303 handelt. Lediglich die Fotos 1.105 entsprechen der ausgeschriebenen Wohnung."
"Alfred Escher-Str. 34, 8002 Zürich",4 Zimmer,132m²,CHF 3’500.–,Befristet - 15.08.2025,"An Top-Wohnlage, nahe dem Zürichsee vermieten wir in einer gepflegten Liegenschaft befristet bis zum 15.08.2025 diese tolle 4-Zimmerwohnung. Dieses Objekt bietet Ihnen nebst der zentralen Wohnlage den folgenden Ausbaustandard:- praktischer Wandschrank im Korridor- Wohn- und Schlafzimmer mit Parkettboden- Wohnzimmer mit Zugang zum grösseren Balkon- Küche und Korridor mit PVC-Bodenbelag- abschliessbare Küche mit Plattenherd - mit Backofen und grossem Kühlschrank- mit Zugang zum kleinen Balkon- Badezimmer mit Badewanne und Lavabo- separates WC mit Lavabo- Keller- und EstrichabteilDie Musterfotos zeigen den Ausbaustandard der Wohnung und können vom tatsächlichen Grundriss abweichen. Zurzeit stehen in dieser Liegenschaft leider keine Parkplätze zur Verfügung. Die Wohnung befindet sich an zentraler Lage mitten in der Stadt Zürich. An den Bahnhof sowie an die Bus- und Tramhaltestelle ""Enge"" mit diversen Linien in verschiedene Richtungen gelangen Sie bequem zu Fuss. Die Umliegenden Stadtkreise sowie den Zürcher Hauptbahnhof erreichen Sie so innert Kürze! Optimale Einkaufsmöglichkeiten (wie z.B. Migros, Coop, Apotheke) sowie zahlreiche Dienstleister befinden sich ebenfalls in unmittelbarer Nähe. Den schönen Zürichsee, welcher zum Baden, Spazieren und Verweilen einlädt befindet sich praktisch vor Ihrer Haustüre. Hier können Sie den stressigen Alltag hinter sich lassen!Haben wir Ihr Interesse geweckt?Dann kontaktieren Sie uns direkt im Onlineinserat über ""Anbieter kontaktieren"". Sie erhalten anschliessend eine automatisierte E-Mail mit den Besichtigungsinformationen sowie der Möglichkeit, sich digital auf die Wohnung zu bewerben und/oder uns allfällige Fragen zu stellen."
"Ziegeleiweg 12, 8055 Zürich",5.5 Zimmer,141m²,CHF 6’420.–,Die letzten drei Wohnungen aus der 1. Bauetappe The Corner - 1 Monat gratis wohnen!,"Erstvermietung von 69 Neubau-Stadtwohnungen An der Adresse Birmensdorferstrasse 313-317 / Ziegeleiweg 10-14 in 8055 Zürich entstehen 69 charmante Stadtwohnungen, welche gestaffelt ab Mitte März bis Mai 2025 bezugsbereit sein werden. In der ersten Bauetappe per 15.3.205 stehen nur noch drei Wohnungen zur Verfügung. Wir schenken Ihnen eine Monatsmiete, wenn Sie bis spätestens per 1. April 2025 den Mietvertrag abschliessen. Die ausgeschriebene Wohnung 2.404 bietet Ihnen folgende Vorteile: • Helle Räume • Freundlicher Eichen Parkettboden • Zwei Zimmer mit direktem Terrassenzugang • Ein Zimmer mit Dusche/WC en Suite • Bad/WC • Reduit mit Waschmaschine und Tumbler • Küche mit Geschirrspüler, Kühlschrank mit Gefrierschubladen, Induktions-Kochfeld, Backofen und Steamer • Elektrische Verbundraffstoren • Drei grosszügige Terrassen Klicken Sie sich durch die Projekthomepage, auf welcher Sie die Mietzinse, Grundrisspläne und weitere Informationen vorfinden: the-corner-zurich.ch Sie können sich direkt online für die letzten 2.5 bis 5.5-Zimmerwohnungen digital über die Projektwebseite bewerben. Haben Sie Fragen? Zögern Sie nicht, uns zu kontaktieren. Wir nehmen uns gerne Zeit für Sie: thecorner@privera.ch Bitte beachten Sie, dass es sich bei den Visualisierungen und Wohnungstouren um Musterbilder aus anderen Wohnungen im The Corner handelt."
"Ziegeleiweg 14, 8055 Zürich",5.5 Zimmer,145m²,CHF 6’470.–,Die letzten drei Wohnungen aus der 1. Bauetappe The Corner - 1 Monat gratis wohnen!,"Erstvermietung von 69 Neubau-Stadtwohnungen An der Adresse Birmensdorferstrasse 313-317 / Ziegeleiweg 10-14 in 8055 Zürich entstehen 69 charmante Stadtwohnungen, welche gestaffelt ab Mitte März bis Mai 2025 bezugsbereit sein werden. In der ersten Bauetappe per 15.3.205 stehen nur noch drei Wohnungen zur Verfügung. Wir schenken Ihnen eine Monatsmiete, wenn Sie bis spätestens per 1. April 2025 den Mietvertrag abschliessen. Die ausgeschriebene Wohnung 2.403 bietet Ihnen folgende Vorteile: • Helle Räume • Freundlicher Eichen Parkettboden • Zwei Zimmer mit direktem Terrassenzugang • Bad/WC • Dusche/WC mit Walk-In Dusche • Reduit mit Waschmaschine und Tumbler • Küche mit Geschirrspüler, Kühlschrank mit Gefrierschubladen, Induktions-Kochfeld, Backofen und Steamer • Elektrische Verbundraffstoren • Zwei grosszügige Terrassen Klicken Sie sich durch die Projekthomepage, auf welcher Sie die Mietzinse, Grundrisspläne und weitere Informationen vorfinden: the-corner-zurich.ch Sie können sich direkt online für die letzten 2.5 bis 5.5-Zimmerwohnungen digital über die Projektwebseite bewerben. Haben Sie Fragen? Zögern Sie nicht, uns zu kontaktieren. Wir nehmen uns gerne Zeit für Sie: thecorner@privera.ch Bitte beachten Sie, dass es sich bei den Visualisierungen und Wohnungstouren um Musterbilder aus anderen Wohnungen im The Corner handelt."
"Ziegeleiweg 14, 8055 Zürich",5.5 Zimmer,140m²,CHF 5’440.–,Die letzten drei Wohnungen aus der 1. Bauetappe The Corner - 1 Monat gratis wohnen!,"Erstvermietung von 69 Neubau-Stadtwohnungen An der Adresse Birmensdorferstrasse 313-317 / Ziegeleiweg 10-14 in 8055 Zürich entstehen 69 charmante Stadtwohnungen, welche gestaffelt ab Mitte März bis Mai 2025 bezugsbereit sein werden. In der ersten Bauetappe per 15.3.205 stehen nur noch drei Wohnungen zur Verfügung. Wir schenken Ihnen eine Monatsmiete, wenn Sie bis spätestens per 1. April 2025 den Mietvertrag abschliessen. Die ausgeschriebene Wohnung 2.101 bietet Ihnen folgende Vorteile: • Helle Räume • Freundlicher Eichen Parkettboden • Zimmer 2 mit Dusche/WC en Suite und Sitzplatz • Bad/WC • Reduit mit Waschmaschine und Tumbler • Küche mit Geschirrspüler, Kühlschrank mit Gefrierschubladen, Induktions-Kochfeld, Backofen und Steamer • Elektrische Verbundraffstoren • Zwei Sitzplätze mit Direktzugang in den Innenhof Klicken Sie sich durch die Projekthomepage, auf welcher Sie die Mietzinse, Grundrisspläne und weitere Informationen vorfinden: the-corner-zurich.ch Sie können sich direkt online für die letzten 2.5 bis 5.5-Zimmerwohnungen digital über die Projektwebseite bewerben. Haben Sie Fragen? Zögern Sie nicht, uns zu kontaktieren. Wir nehmen uns gerne Zeit für Sie: thecorner@privera.ch Bitte beachten Sie, dass es sich bei den Visualisierungen und Wohnungstouren um Musterbilder aus anderen Wohnungen im The Corner handelt."
"Seestrasse 314, 8038 Zürich",5 Zimmer,145m²,CHF 4’320.–,Schöne Wohnung in Seenähe,"Wir vermieten diese moderne 5-Zimmerwohnung an zentraler Lage in Zürich Wollishofen. Das Wohnobjekt bietet Ihnen nebst der idealen Raumaufteilung die folgenden Annehmlichkeiten: - Parkettboden in allen Zimmern- moderne Küche mit Combi-Steamer- mit Glaskeramikherd und Geschirrspüler- Bad mit Badewanne, Lavabo und WC- separates Bad mit Dusche, Lavabo und WC- gemütlicher Balkon- eigener Waschturm im Keller- KellerabteilBei den Fotos handelt es sich um Musterbilder, die den Ausbaustandard darstellen und vom tatsächlichen Grundriss abweichen können.Zurzeit sind keine Parkplätze verfügbar.Der Bahnhof Wollishofen mit den S-Bahnlinien S8, S25 und SN8 in diverse Richtungen erreichen Sie bequem zu Fuss. Diverse Einkaufsmöglichkeiten (wie z.B. Coop, Supermarkt, Post, etc.) befinden sich ebenfalls unweit von der Liegenschaft entfernt.Der schöne Zürichsee, welcher besonders in den Sommermonaten zum Baden, Spazieren und Verweilen einlädt ist in wenigen Gehminuten erreichbar.Entspricht diese schöne Wohnung Ihren Vorstellungen?Dann kontaktieren Sie uns direkt im Onlineinserat über ""Anbieter kontaktieren"". Sie erhalten anschliessend eine automatisierte E-Mail mit den Besichtigungsinformationen sowie der Möglichkeit, sich digital auf die Wohnung zu bewerben und/oder uns allfällige Fragen zu stellen.Wir freuen uns auf Ihre digitale Bewerbung nach der Besichtigung."
"Hohlstr. 511, 8048 Zürich",1.5 Zimmer,83m²,CHF 2’610.–,helle 1.5-Zimmerwohnung an zentraler Lage,"In unserer Überbauung takt9 vermieten wir per 1. April 2025 eine helle und moderne 1.5-Zimmerwohnung (ca. 83 m2) im 5. OG, bzw. 6. OG (Eingang) mit herrlicher Weitsicht.Die Wohnung verfügt über:- offene Küche mit Natursteinabdeckung, Glaskeramikherd, Geschirrspüler, Anschluss für Mikrowelle, Deckenspots und Plattenboden- Wohnen / Essen / Schlafen mit Plattenboden- Bad / WC mit eigenem Waschturm (Waschmaschine / Tumbler), Deckenspots und Plattenboden- sep. Reduit sorgt für Stauraum- Garderobe / Einbauschrank im Eingangsbereich- alle Räume mit separat regulierbarer Bodenheizung- gemütliche Loggia (ca. 6.2 m2)- LiftÖffentliche Verkehrsmittel sind in unmittelbarer Nähe.Bitte beachten Sie, dass die Hundehaltung nicht erlaubt ist.Haben wir Ihr Interesse geweckt?Für die Vereinbarung eines Besichtigungstermins, melden Sie sich bitte beim Hauswart, Herr Fuchs, Tel. 043 321 79 68.Erreichbar: Montag bis Freitag, 08.00 - 12.00 und 13.00 - 17.00 Uhr"
"Pfingstweidstrasse 104, 8005 Zürich",3.5 Zimmer,140m²,CHF 4’320.–,Grosszügige 3.5 Zimmer-Maisonettewohnung,"Die Wohnung überzeugt mit folgender Ausstattung:- eingebaute Garderobe beim Wohnungseingang- moderne offene Küche mit Geschirrspüler, Glaskeramikherd und Steamer- zwei Nasszellen mit Dusche und Badewanne- alle Zimmer mit Parkettboden- beide Badezimmer mit Plattenboden- eigener Waschturm in der Wohnung- eigener Kellerraum in der Wohnung- Balkon gegen Innenhof ausgerichtetDirekt vor der Haustüre befindet sich die Tramhaltestelle Toni Areal. Der Bahnhof Hardbrücke befindet sich zu Fuss knapp 12 Minuten entfernt. Dieser kann auch bequem mit dem Tram erreicht werden. Den Autobahnanschluss erreichen Sie in wenigen Fahrminuten.Bei Bedarf kann ein Einstellplatz für einen monatlichen Mietzins über CHF 250.00 exkl. MWST dazu gemietet werden.Haben wir Ihre Interesse geweckt? Wir freuen uns auf Ihre Kontaktaufnahme!Für die Vereinbarung eines Besichtigungstermins, melden Sie sich bitte bei Frau Rafaela Caseiro unter Tel. 044 878 77 75 oder rafaela.caseiro@apleona.com, tagsüber zwischen 09:00 und 16:00 Uhr."
"Heinrich-Wolff-Strasse 10, 8046 Zürich",5.5 Zimmer,160m²,CHF 4’350.–,Familienfreundliches Wohnen in urbaner Oase an sehr ruhiger Wohnlage!,N/A
"Pfingstweidstrasse 104, 8005 Zürich",2.5 Zimmer,91m²,CHF 3’340.–,Attraktive 2.5 Attikawohnung,"Die Wohnung überzeugt mit folgender Ausstattung:-Terrasse mit Sonne von früh bis spät- Moderne offene Küche mit Geschirrspüler, Glaskeramikherd und Steamer- Eigener Waschturm in der Wohnung- Badezimmer mit Badewanne- Separater Reduit mit Dreifachsteckdose- Alle Zimmer mit Parkettboden- Badezimmer mit PlattenbodenDirekt vor der Haustüre befindet sich die Tramhaltestelle Toni Areal. Der Bahnhof Hardbrücke befindet sich zu Fuss knapp 12 Minuten entfernt. Dieser kann auch bequem mit dem Tram erreicht werden. Es sind genügend Abstellräume für Fahrräder vorhanden. Den Autobahnanschluss erreichen Sie in wenigen Fahrminuten.Bei Bedarf kann ein Einstellplatz für einen monatlichen Mietzins von CHF 250.00 dazu gemietet werden.Haben wir Ihre Interesse geweckt? Wir freuen uns auf Ihre Kontaktaufnahme!Für die Vereinbarung eines Besichtigungstermins, melden Sie sich bitte bei Frau Rafaela Caseiro unter Tel. 044 878 77 75 oder rafaela.caseiro@apleona.com, tagsüber zwischen 09:00 und 16:00 Uhr."
"Grossmannstrasse 30, 8049 Zürich",4 Zimmer,107m²,CHF 3’055.–,Für Maisonette Liebhaber,"Wir sind auf der Suche nach neuen Mietern für diese tolle Wohnung, welche sich bestens für Familien eignet. Nebst dem ansprechenden Grundriss verfügt dieses Objekt über folgenden Ausbaustandard:- Wohn-/Schlafzimmer mit Parkettboden- moderne Küche - mit Glaskeramikherd- mit Granitabdeckung- mit Geschirrspüler- modernes Bad/WC - separates WC- Balkon mit schöner Aussicht- KellerBei den Fotos handelt es sich um Musterbilder, die den Ausbaustandard darstellen und vom tatsächlichen Grundriss abweichen können.Bei Bedarf und Verfügbarkeit kann ein Einstellplatz für CHF 140.00 pro Monat dazu gemietet werden.Öffentliche Verkehrsmittel stehen Ihnen vielzählig zur Verfügung und bringen Sie innert kurzer Zeit an den Zürich HB, von wo aus Sie Verbindungen in alle Richtungen haben.Zudem finden Sie eine Grosszahl an Einkaufsmöglichkeiten und Dienstleistern für den täglichen Bedarf in der näheren Umgebung.Entspricht diese schöne Wohnung Ihren Vorstellungen?Dann kontaktieren Sie uns direkt im Onlineinserat über ""Anbieter kontaktieren"". Sie erhalten anschliessend eine automatisierte E-Mail mit den Besichtigungsinformationen sowie der Möglichkeit, sich digital auf die Wohnung zu bewerben und/oder uns allfällige Fragen zu stellen.Wir freuen uns auf Ihre digitale Bewerbung nach der Besichtigung."
"Ziegelstrasse 12, 8038 Zürich",3 Zimmer,58m²,CHF 1’900.–,BEFRISTET bis Ende September 2025!,"Wir vermieten per sofort oder nach Vereinbarung befristet bis 30.09.2025 diese schöne 3-Zimmerwohnung an zentraler und ruhiger Lage. Dieses tolle Objekt hat Ihnen nebst einer idealen Raumaufteilung die folgenden Annehmlichkeiten zu bieten:- Eingangsbereich mit Einbauschränke- Korridor und Essberreich mit Klinkerboden- Wohnzimmer mit Parkettboden und Zugang zum Balkon- abgeschlossene Küche mit Geschirrspüler- mit Glaskeramikherd, Kühlschrank und Backofen- Badezimmer mit Fenster- schöner, sonniger Balkon- Kellerabteil- Veloraum- Allgemeine WaschkücheEine Garagenbox kann optional für CHF 180.00 dazu gemietet werden.WICHTIG: Die Wohnung wird lediglich befristet bis Ende September 2025 vermietet!Bei den Bildern handelt es sich um Musterfotos, die lediglich den Ausbaustandard darstellen. Die genaue Raumaufteilung entnehmen Sie bitte dem Grundrissplan. In unmittelbarer Nähe befindet sich die Tramhaltestelle ""Butzenstrasse"", die von der Tramlinie Nr. 7 bedient wird. In weniger als 20 Minuten erreichen Sie den Zürich Hauptbahnhof. Zahlreiche Einkaufsmöglichkeiten wie zum Beispiel ein Coop/ Migros sowie diverse Dienstleister und Restaurants, welche den täglichen Bedarf decken, finden Sie in wenigen Gehminuten im Zentrum von Wollishofen. Zudem befindet sich das Schulhaus ""Wollishofen - Im Lee"". Für Familien mit schulpflichtigen Kindern ebenfalls in der Nähe.Den schönen Zürichsee der zu diversen Freizeitaktivitäten einlädt erreichen Sie nach einem kurzen Spaziergang. Hier finden Sie die gesuchte Erholung und das pulsierende Stadtleben sehr nah beieinander.Haben wir Ihr Interesse geweckt?Dann kontaktieren Sie uns direkt im Onlineinserat über ""Anbieter kontaktieren"". Sie erhalten anschliessend eine automatisierte E-Mail mit den Besichtigungsinformationen sowie der Möglichkeit, sich digital auf die Wohnung zu bewerben und/oder uns allfällige Fragen zu stellen.Wir freuen uns auf Ihre digitale Bewerbung nach der Besichtigung."
"Schaffhauserstrasse 30, 8006 Zürich",4 Zimmer,88m²,CHF 4’065.–,Zentrale Wohnlage!,"Wir vermieten eine zentral gelegene 4-Zimmerwohnung in der Stadt Zürich. Das Wohnobjekt bietet Ihnen die folgenden Annehmlichkeiten: - Wohnräume mit Parkettboden- Küche mit Geschirrspüler- Badezimmer/WC mit Badewanne- Balkon- Keller- und EstrichabteilIn dieser Liegenschaft stehen leider keine Parkplätze zur Verfügung.Bei den Bildern handelt es sich um Musterfotos, welche den Ausbaustandard veranschaulichen. Die genaue Raumaufteilung können Sie dem angefügten Grundriss entnehmen. Die Bus- und Tramhaltestelle ""Schaffhauserplatz"" mit diversen Verbindungen in verschieden Richtungen erreichen Sie bequem zu Fuss. Diverse Einkaufsmöglichkeiten (wie z.B. Coop, Migros) befinden sich ebenfalls in unmittelbarer Nähe der Liegenschaft. Haben wir Ihr Interesse geweckt? Dann kontaktieren Sie uns direkt im Onlineinserat über ""Anbieter kontaktieren"". Sie erhalten anschliessend eine automatisierte E-Mail mit den Besichtigungsinformationen sowie der Möglichkeit, sich digital auf die Wohnung zu bewerben und/oder uns allfällige Fragen zu stellen.Wir freuen uns auf Ihre digitale Bewerbung nach der Besichtigung."
"Alfred Escher-Str. 36, 8002 Zürich",2 Zimmer,59m²,CHF 2’100.–,Befristet - 15.08.2025,"An Top-Wohnlage, nahe dem Zürichsee vermieten wir in einer gepflegten Liegenschaft befristet bis zum 15.08.2025 diese tolle 2-Zimmerwohnung. Dieses Objekt bietet Ihnen nebst der zentralen Wohnlage den folgenden Ausbaustandard:- praktischer Wandschrank im Korridor- Wohn- und Schlafzimmer mit Parkettboden- Wohnzimmer mit Zugang zum grösseren Balkon- Küche und Korridor mit PVC-Bodenbelag- abschliessbare Küche mit Plattenherd - mit Backofen und grossem Kühlschrank- mit Zugang zum kleinen Balkon- Badezimmer mit Badewanne und Lavabo- separates WC mit Lavabo- Keller- und EstrichabteilDie Musterfotos zeigen den Ausbaustandard der Wohnung und können vom tatsächlichen Grundriss abweichen. Zurzeit stehen in dieser Liegenschaft leider keine Parkplätze zur Verfügung. Die Wohnung befindet sich an zentraler Lage mitten in der Stadt Zürich. An den Bahnhof sowie an die Bus- und Tramhaltestelle ""Enge"" mit diversen Linien in verschiedene Richtungen gelangen Sie bequem zu Fuss. Die Umliegenden Stadtkreise sowie den Zürcher Hauptbahnhof erreichen Sie so innert Kürze! Optimale Einkaufsmöglichkeiten (wie z.B. Migros, Coop, Apotheke) sowie zahlreiche Dienstleister befinden sich ebenfalls in unmittelbarer Nähe. Den schönen Zürichsee, welcher zum Baden, Spazieren und Verweilen einlädt befindet sich praktisch vor Ihrer Haustüre. Hier können Sie den stressigen Alltag hinter sich lassen!Haben wir Ihr Interesse geweckt?Dann kontaktieren Sie uns direkt im Onlineinserat über ""Anbieter kontaktieren"". Sie erhalten anschliessend eine automatisierte E-Mail mit den Besichtigungsinformationen sowie der Möglichkeit, sich digital auf die Wohnung zu bewerben und/oder uns allfällige Fragen zu stellen."
"Alfred Escher-Str. 36, 8002 Zürich",2 Zimmer,59m²,CHF 2’100.–,Befristet - 15.08.2025,"An Top-Wohnlage, nahe dem Zürichsee vermieten wir in einer gepflegten Liegenschaft befristet bis zum 15.08.2025 diese tolle 2-Zimmerwohnung. Dieses Objekt bietet Ihnen nebst der zentralen Wohnlage den folgenden Ausbaustandard:- praktischer Wandschrank im Korridor- Wohn- und Schlafzimmer mit Parkettboden- Wohnzimmer mit Zugang zum grösseren Balkon- Küche und Korridor mit PVC-Bodenbelag- abschliessbare Küche mit Plattenherd - mit Backofen und grossem Kühlschrank- mit Zugang zum kleinen Balkon- Badezimmer mit Badewanne und Lavabo- separates WC mit Lavabo- Keller- und EstrichabteilDie Musterfotos zeigen den Ausbaustandard der Wohnung und können vom tatsächlichen Grundriss abweichen. Zurzeit stehen in dieser Liegenschaft leider keine Parkplätze zur Verfügung. Die Wohnung befindet sich an zentraler Lage mitten in der Stadt Zürich. An den Bahnhof sowie an die Bus- und Tramhaltestelle ""Enge"" mit diversen Linien in verschiedene Richtungen gelangen Sie bequem zu Fuss. Die Umliegenden Stadtkreise sowie den Zürcher Hauptbahnhof erreichen Sie so innert Kürze! Optimale Einkaufsmöglichkeiten (wie z.B. Migros, Coop, Apotheke) sowie zahlreiche Dienstleister befinden sich ebenfalls in unmittelbarer Nähe. Den schönen Zürichsee, welcher zum Baden, Spazieren und Verweilen einlädt befindet sich praktisch vor Ihrer Haustüre. Hier können Sie den stressigen Alltag hinter sich lassen!Haben wir Ihr Interesse geweckt?Dann kontaktieren Sie uns direkt im Onlineinserat über ""Anbieter kontaktieren"". Sie erhalten anschliessend eine automatisierte E-Mail mit den Besichtigungsinformationen sowie der Möglichkeit, sich digital auf die Wohnung zu bewerben und/oder uns allfällige Fragen zu stellen."
"Jenatschstrasse 5, 8002 Zürich",4.5 Zimmer,119m²,CHF 4’650.–,Exklusive Maisonette-Wohnung in der Nähe des Seeufers,"Die Liegenschaft Jenatschstrasse 3 und 5 liegt mitten in Zürich und befindet sich an ruhiger Lage im lebendigen, äusserst gut erschlossenen Kreis 2. Die Wohnräume präsentieren sich in einem spannenden Mix zwischen nostalgischen Altbau- und hochwertigen Neubau Elementen, was eine repräsentative und einzigartige Wohnatmosphäre schafft.Diese 4.5-Zimmerwohnung im 4.OG verfügt zudem über folgende Eigenschaften: • Küche mit Backsteinboden • Zimmer mit Parkett • Offene Küche mit viel Stauraum und modernster Ausstattung: Glaskeramikherd, Geschirrspüler und Backofen • Kamin • Badzimmer mit Badewanne + Dusche inkl. Glaswand vorhanden • Balkon sowie grosszügige Terrasse • Keller-/Estrichabteil Beim Grundrissplan ist der Dachstock nicht enthalten. Die Tramhaltestelle Rentenanstalt, der Bahnhof Enge, der Zürichsee sowie zahlreiche Einkaufs- und Verpflegungsmöglichkeiten sind nur wenige Gehminuten entfernt.Wir bitten Sie, bei Interesse uns eine Kontaktanfrage zu senden."
"Gotthardstrasse 53, 8002 Zürich",4.5 Zimmer,130m²,CHF 6’639.–,4.5 Zimmer-Dachwohnung im Herzen von Zürich,"Suchen Sie eine stilvolle und zentral gelegene Wohnung, die keine Wünsche offenlässt? Dann ist diese 4.5-Zimmer-Dachwohnung genau das Richtige für Sie!Highlights der Wohnung:Einzigartige Lage: Mitten in Zürich, in unmittelbarer Nähe zu Einkaufsmöglichkeiten, Restaurants und öffentlichen Verkehrsmitteln.Grosszügiger Grundriss: 4.5 Zimmer mit einer idealen Raumaufteilung für Paare, Familien oder als Wohngemeinschaft.Moderne Ausstattung:Offene und voll ausgestattete Küche mit hochwertigen Geräten.Stilvolles Badezimmer mit Badewanne und separates Gäste-WC.Wohnkomfort:Helle Räume mit viel Tageslicht, charmante Dachschrägen und ein warmer Parkettboden.Aussicht &amp; Erholung: Geniessen Sie eine traumhafte Aussicht über die Dächer von Zürich und entspannen Sie sich auf Ihrer privaten Dachterrasse.Bei den publizierten Fotos handelt es sich um typenähnliche Wohnungen.Haben wir Ihr Interesse geweckt? Wir freuen uns, Ihnen diese Traumwohnung bei einer Besichtigung persönlich vorzustellen. Kontaktieren Sie uns noch heute und vereinbaren Sie einen Termin!"
"Gotthardstrasse 53, 8002 Zürich",4.5 Zimmer,144m²,CHF 6’838.–,4.5 Zimmer-Dachwohnung im Herzen von Zürich,"Suchen Sie eine stilvolle und zentral gelegene Wohnung, die keine Wünsche offenlässt? Dann ist diese 4.5-Zimmer-Dachwohnung genau das Richtige für Sie!Highlights der Wohnung:Einzigartige Lage: Mitten in Zürich, in unmittelbarer Nähe zu Einkaufsmöglichkeiten, Restaurants und öffentlichen Verkehrsmitteln.Grosszügiger Grundriss: 4.5 Zimmer mit einer idealen Raumaufteilung für Paare, Familien oder als Wohngemeinschaft.Moderne Ausstattung:Offene und voll ausgestattete Küche mit hochwertigen Geräten.Stilvolles Badezimmer mit Badewanne und separates Gäste-WC.Wohnkomfort:Helle Räume mit viel Tageslicht, charmante Dachschrägen und ein warmer Parkettboden.Aussicht &amp; Erholung: Geniessen Sie eine traumhafte Aussicht über die Dächer von Zürich und entspannen Sie sich auf Ihrer privaten Dachterrasse.Bei den publizierten Fotos handelt es sich um typenähnliche Wohnungen.Haben wir Ihr Interesse geweckt? Wir freuen uns, Ihnen diese Traumwohnung bei einer Besichtigung persönlich vorzustellen. Kontaktieren Sie uns noch heute und vereinbaren Sie einen Termin!"
"Schwingerstrasse 7, 8006 Zürich",5.5 Zimmer,120m²,CHF 5’000.–,5.5-Zimmer-Wohnung an zentraler Lage im Kreis 6,N/A
"Schindlerstrasse 5, 8006 Zürich",3.5 Zimmer,78m²,CHF 3’450.–,Helle und moderne Stadtwohnung an zentraler Lage,N/A
"Schärenmoosstrasse 80, 8052 Zürich",1.5 Zimmer,93m²,CHF 2’770.–,Loft in Zürich,N/A
"Wiesenstrasse 14, 8008 Zürich",4.5 Zimmer,130m²,CHF 6’300.–,Ruhige Traumwohnung für eine Familie mit bis zu 4 Personen im Seefeld wird frei!,N/A
"Kanzleistrasse 3, 8004 Zürich",3.5 Zimmer,107m²,CHF 4’800.–,"3,5 Zimmer Terrassenwohnung in Zürich",N/A
"Riedenhaldenstrasse 257, 8046 Zürich",5.5 Zimmer,115m²,CHF 3’810.–,Moderne 5.5-Zimmer-Wohnung an der Riedenhaldenstraße 257,"An der Riedenhaldenstraße 257 vermieten wir nach einer hochwertigen und umfassenden Renovation im Minergie-Standard eine wunderschöne 5.5-Zimmer-Wohnung. Highlights der Wohnung: • Lichtdurchflutete Räume mit hochwertigem Parkettboden in allen Zimmern • Moderne Küche mit vollständiger Ausstattung alles, was man braucht • Haustiere erlaubt Wichtiger Hinweis:Die Liegenschaft verfügt über keinen Lift. Das bietet die Lage: • Nur wenige Schritte zur unberührten Natur und dem Bahnhof • Einkaufsmöglichkeiten, Restaurants und die Post befinden sich im Umkreis von 200 Metern Verfügbarkeit: Nach Vereinbarung Interessiert? Gerne geben wir Ihnen ergänzende Informationen. Wir freuen uns auf Ihre Kontaktaufnahme!"
"Seminarstr. 1, 8006 Zürich",3.5 Zimmer,83m²,CHF 3’925.–,3.5-Zimmer-Wohnung am Schaffhauserplatz zu vermieten,"3.5-Zimmer-Wohnung im 1. Obergeschoss in zentraler LageHighlights der Wohnung: • Grosszügige 3.5 Zimmer • Badezimmer mit Badewanne • Moderne Ausstattung, inkl. Geschirrspüler • Frisch renoviert Umgebung: • 2 Minuten zu Fuss zum Schaffhauserplatz • 7 Minuten mit dem Tram zum Hauptbahnhof Zürich • 5 Minuten zu Fuss zu diversen Einkaufsmöglichkeiten und Restaurants • Öffentlicher Verkehr: Hervorragende Anbindung an Tram, Bus und S-Bahn Bitte beachten Sie, dass die Wohnung von den gezeigten Fotos abweichen kann, da diese zur Veranschaulichung dienen. Der Grundriss entspricht jedoch der tatsächlichen Wohnung. Alle weiteren Informationen bezüglich der Besichtigungstermine erhalten Sie nach Ihrer Anmeldung."
"Am Oeschbrig 34, 8053 Zürich",4.5 Zimmer,145m²,CHF 4’150.–,Wohnen am Stadtrand,N/A
